{
    "SmallCNNAdaptive": {
        "train": {
            "loss": 0.25248988126224714,
            "accuracy": 0.8905096572100348
        },
        "val": {
            "loss": 0.22992193355010107,
            "accuracy": 0.9030300332949712,
            "f1_score": 0.7038086243064879,
            "precision": 0.821581852545855,
            "recall": 0.6324137694734383
        }
    },
    "step": 2
}
