step	accuracy
0	0.8286485153334335
1	0.8693182218995729
2	0.8905096572100348
