step	loss
0	0.38840833012126547
1	0.2995768608005773
2	0.25248988126224714
